service_a,service_b,n_days,mean_diff_log_ratio,t_statistic,p_value,p_value_fdr_bh
fhv,hvfhv,364,-0.003401592170981403,-0.2194630456872458,0.8264127165208978,0.9983707270003125
fhv,green_taxi,364,-0.003433060751719023,-0.28719256227834383,0.774128749829115,0.9983707270003125
fhv,yellow_taxi,364,-0.0034992680135889783,-0.2128554225537094,0.8315592169161535,0.9983707270003125
hvfhv,green_taxi,364,-3.146858073761459e-05,-0.0020433991224143907,0.9983707270003126,0.9983707270003125
hvfhv,yellow_taxi,364,-9.767584260758099e-05,-0.008053463796851018,0.993578759086346,0.9983707270003125
green_taxi,yellow_taxi,364,-6.620726186996503e-05,-0.0044559158100803496,0.9964471530724425,0.9983707270003125
