service_a,service_b,n_days,pearson_r,p_value,p_value_fdr_bh
fhv,hvfhv,364,0.13011811968897025,0.012972330542108147,0.012972330542108147
fhv,green_taxi,364,0.6068140977082086,5.485458444435024e-38,3.2912750666610142e-37
fhv,yellow_taxi,364,0.26533155150575616,2.7892424113534744e-07,4.1838636170302116e-07
hvfhv,green_taxi,364,-0.27358406981281674,1.1378174221658251e-07,2.27563484433165e-07
hvfhv,yellow_taxi,364,0.3259011703238446,1.8757094612164163e-10,5.62712838364925e-10
green_taxi,yellow_taxi,364,0.2333371376806041,6.836134244504185e-06,8.203361093405022e-06
