service,count,mean,std,min,25%,50%,75%,max
fhv,364.0,-0.003387775340395698,0.27907410439575214,-0.9933099142353353,-0.15492074375576115,-0.00417571755068334,0.14265165351350406,1.3606771967495903
hvfhv,364.0,1.3816830585707411e-05,0.14063362511926294,-0.42398425867088074,-0.11565514858189069,0.04784108799072938,0.09608046060405562,0.2786577503856296
green_taxi,364.0,4.528541132332147e-05,0.22235057620861218,-0.6097898880259581,-0.10092857934910265,0.000364830370071934,0.06426272326376213,0.6062708748206053
yellow_taxi,364.0,0.0001114926731932874,0.23521785974928527,-2.195882772012361,-0.07321518907826793,0.012896605520949955,0.07209294894911981,2.8608455610924577
